First name,Last name,Title,Account Number,Date of birth,Occupation,Account balance,overdraft limit
Ole,Jimes,Mrs,4165,01/02/1999,Associate Professor,41000,-250
Derwin,Pinkett,Dr,4166,02/23/1997,Clinical Specialist,3456,-1000
Carina,Maple,Mrs,4568,06/23/1993,VP Accounting,-102,-200
Karolina,Rivalant,Mr,4099,06/26/2004,Geological Engineer,5504,-800
Mandie,Topling,Ms,4968,05/02/1997,Assistant Media Planner,349,-50
Jody,Taffe,Mrs,4889,02/20/1992,Software Test Engineer II,34554,-1000
Ely,Gaishson,Rev,4941,09/02/2001,Statistician IV,605,-100
Sioux,Trahar,Honorable,4906,06/07/2004,Staff Scientist,-203,-500
Gan,Good,Ms,4231,10/14/1997,Senior Cost Accountant,798,-100
Almire,Babbidge,Rev,4142,02/05/1991,Mechanical Systems Engineer,4532,-100
Murial,Grimmert,Rev,4618,05/08/1997,Research Associate,883,-300
Darby,Armatidge,Mr,4590,04/15/2001,Help Desk Operator,2312,-450
Matty,Murty,Honorable,4690,03/26/2002,Junior Executive,-90,-150
Nerty,Bentley,Ms,4795,01/31/1994,Speech Pathologist,838,-200
Silas,Kidder,Rev,4402,12/10/2002,Graphic Designer,992,-600
Cicely,Maylour,Rev,4182,06/22/1997,Statistician IV,709,-650
Tristam,Climson,Honorable,4551,04/28/1992,Quality Engineer,-440,-500
Dion,Klulicek,Dr,4583,01/04/1998,Geological Engineer,590,-100
Sharlene,Theyer,Rev,4024,12/24/1991,Physical Therapy Assistant,808,-200
Lorry,Haster,Mrs,4233,09/30/2002,Business Systems Development Analyst,990,-1000
Jakob,Ferro,Rev,4775,11/28/1990,Staff Scientist,-202,-300
Jacinthe,McCaughran,Mr,4614,10/22/1999,Accountant II,55,-150
Mellisa,Ranscome,Mrs,4565,06/28/2001,Structural Engineer,3400,-100
Murvyn,Newlove,Mrs,4268,02/12/2004,Legal Assistant,2300,-100
Panchito,Choke,Mrs,4815,12/22/2002,Assistant Professor,950,-400
Kiele,Stillert,Dr,4886,07/15/1995,Payment Adjustment Coordinator,738,-400
Mady,Karlowicz,Honorable,4224,09/28/2003,Chemical Engineer,111,-100
Letizia,Mayor,Mrs,4421,03/24/2000,Structural Analysis Engineer,580,-200
Chic,Menci,Honorable,4454,03/12/1994,Database Administrator II,34,-50
Eduard,Schott,Mr,4362,08/09/1997,Web Developer II,920,-400
Emilee,Byford,Dr,4958,09/21/2004,Senior Quality Engineer,760,-100
Minor,Albinson,Dr,4383,04/27/1994,Statistician II,32,-75
Sigmund,Kitchen,Rev,4019,05/11/2000,Recruiting Manager,56,-50
Teriann,Skacel,Dr,4985,03/31/2001,Programmer II,5790,-1000
Harlan,Bahia,Rev,4153,04/25/1995,Recruiting Manager,90504,-1100
Karia,Slocket,Rev,4156,03/05/1999,Chemical Engineer,873,-350
Muhammad,Collcutt,Mr,4611,06/24/1996,Environmental Specialist,-795,-100
Maggee,Skilling,Mrs,4747,03/17/2004,Nurse Practicioner,4576,-300
Zelma,Cornborough,Ms,4696,04/03/2000,Occupational Therapist,3209,-2000
Griffy,Ousbie,Ms,4109,12/28/1998,Assistant Professor,-2727,-1200
Sharity,McCadden,Honorable,4597,07/30/1994,Associate Professor,309,-100
York,Beaford,Rev,4840,01/03/1994,Cost Accountant,8098,-500
Harv,Scheffel,Mr,4030,08/23/1997,Recruiting Manager,950,-100
Binnie,Gubbins,Rev,4896,06/12/2001,Operator,592,-100
Cyrillus,Goodered,Dr,4996,05/26/2004,Product Engineer,7129,-100
Rosabel,Carolan,Honorable,4175,08/07/1992,Civil Engineer,95,-250
Zabrina,Groves,Ms,4262,05/28/1993,GIS Technical Architect,59,-200
Lazar,Wellington,Honorable,4630,09/30/1991,Budget/Accounting Analyst II,822,-100
Elsie,Barizeret,Mrs,4427,09/25/2004,Senior Quality Engineer,-58,-100
Eleonore,Hollyard,Ms,4104,02/06/1993,Quality Control Specialist,-189,-200
Yance,Goreisr,Rev,4017,08/16/2004,Engineer III,8980,-100
Lance,Thewles,Dr,4480,05/05/2001,Information Systems Manager,452,-100
Malissa,Dundon,Dr,4739,12/11/1992,VP Quality Control,8432,-500
Cris,McFarland,Honorable,4858,05/06/2003,Teacher,102,-100
Brady,Humpherson,Ms,4746,04/01/1998,Developer I,4122,-250
Dallas,Fawks,Honorable,4895,07/19/2000,Food Chemist,1222,-500
Briano,Carrivick,Rev,4587,09/13/1997,Technical Writer,540,-200
Sharl,Bello,Honorable,4102,08/06/2000,Social Worker,2,-50
Thomasa,Mingaud,Ms,4809,04/23/2003,Senior Cost Accountant,494,-100
Arni,Gass,Mrs,4124,08/13/2003,Assistant Manager,69,-100
Chicky,Meco,Honorable,4177,12/28/1996,Graphic Designer,36,-120
Quinta,Pavolini,Dr,4755,05/28/1999,Systems Administrator III,600,-100
Janaya,O'Doireidh,Honorable,4216,03/21/1991,Computer Systems Analyst III,670,-100
Joann,Harman,Mrs,4919,10/10/2000,Marketing Manager,83,-100
Reine,Corteney,Mrs,4397,11/21/1992,Office Assistant I,8547,-200
Jannel,Corteis,Mrs,4425,12/10/1999,Accountant III,5550,-1000
Jaimie,MacHarg,Honorable,4968,02/26/1993,Environmental Specialist,51,-100
Celka,Tappington,Mr,4526,12/18/2000,Media Manager II,3501,-200
Rad,Isaksson,Rev,4509,01/15/1996,Health Coach II,8833,-250
Yancy,Lavell,Honorable,4366,02/13/1995,Pharmacist,252112,-9000
Amy,Tremayle,Mr,4259,10/08/2001,Environmental Specialist,-625,-100
Tabor,Clarae,Mrs,4591,11/05/2002,Dental Hygienist,1221,-100
Carlos,Halso,Honorable,4952,11/21/1998,Human Resources Manager,322,-100
Catherina,Dossit,Honorable,4907,08/24/1993,General Manager,423,-200
Hadrian,Standen,Mrs,4963,08/28/1994,Help Desk Operator,25,-50
Sharleen,Rangle,Mr,4604,05/29/2004,Desktop Support Technician,929,-100
Barrett,Fransseni,Mrs,4188,11/09/1993,Administrative Officer,402,-230
Ronny,Gillam,Ms,4382,09/26/2003,Editor,-52,-250
Evanne,Silcocks,Ms,4677,12/20/2000,Research Associate,-94,-100
Joellen,Rainard,Rev,4828,11/16/2001,VP Product Management,-78,-200
Nikki,Yeoman,Mr,4172,11/03/1999,Product Engineer,463,-100
Lotti,Stanbridge,Mr,4933,07/07/1993,Mechanical Systems Engineer,1238,-100
Sollie,Gricks,Ms,4356,12/15/1990,Budget/Accounting Analyst IV,19,-200
Hilarius,Branca,Mr,4506,06/04/1993,GIS Technical Architect,62,-250
Hansiain,Taborre,Honorable,4729,09/26/1991,Senior Cost Accountant,5001,-100
Erena,Guyonnet,Ms,4659,07/27/1998,Business Systems Development Analyst,1008,-100
Annabel,Riditch,Dr,4767,06/15/2001,Programmer Analyst III,778,-200
Thornton,Fouldes,Rev,4484,07/27/1995,VP Sales,9999,-50
Giorgia,Yele,Rev,4607,07/07/1992,Junior Executive,750,-250
Raynor,Maes,Mrs,4781,06/28/1993,Accountant III,-755,-300
Marcelo,Avon,Honorable,4780,01/01/1993,Staff Scientist,832,-200
Crysta,Banisch,Mrs,4223,12/03/1992,Sales Representative,1320,-100
Eugine,Janz,Mr,4306,08/26/2003,Senior Financial Analyst,440,-150
Meggie,Booeln,Ms,4505,03/29/1993,Cost Accountant,-645,-100
Kenna,Gentiry,Dr,4532,07/22/1995,Product Engineer,909,-250
Ginevra,Malia,Rev,4216,06/27/1993,Project Manager,-37,-200
Raina,Mandeville,Dr,4759,12/31/1990,Data Coordiator,3290,-100
Humfrid,Maton,Dr,4393,09/28/2003,Senior Editor,3633,-200
Imen,Omrani,Ms,4980,03/08/2002,President,4933,-100
aaron,Cunningham,Mr,4999,01/29/1999,Programmer,2103,-100
Bob,Robinson,Programmer,4346,s,s,1,-1
